Email,Name,Phone,Dob,Date of joining association,Date of joining govt,Membership end date
rohit.das1@example.com,Rohit Das,9126855092,1998-04-07,2003-01-31,2000-05-03,2006-08-02
priya.das2@example.com,Priya Das,9826600539,1998-03-24,2013-06-09,2012-06-18,2021-01-21
vikram.sharma3@example.com,Vikram Sharma,9131994523,1969-03-16,2000-05-31,1997-10-22,2007-01-29
neha.sharma4@example.com,Neha Sharma,9702632297,1973-12-02,2027-05-28,2020-02-13,2036-04-07
karan.paul5@example.com,Karan Paul,9336696312,1985-02-24,2017-07-20,2014-06-07,2018-08-15
sanjay.roy6@example.com,Sanjay Roy,9849621470,1983-12-17,2006-05-18,2003-04-06,2009-02-12
sneha.gupta7@example.com,Sneha Gupta,9209747451,1969-02-28,2006-02-15,2005-01-15,2011-02-24
meera.gupta8@example.com,Meera Gupta,9748245888,1976-11-12,1998-02-16,1989-12-12,2004-04-11
karan.das9@example.com,Karan Das,9506448196,1968-07-15,2016-01-18,2012-10-05,2024-02-04
neha.gupta10@example.com,Neha Gupta,9719927151,1973-08-17,2020-05-19,2019-08-09,2021-11-22
rohit.singh11@example.com,Rohit Singh,9930075810,1977-12-25,1994-03-10,1991-07-31,1996-04-26
vikram.patel12@example.com,Vikram Patel,9586845604,1993-07-08,2006-03-10,2004-05-13,2011-05-04
riya.singh13@example.com,Riya Singh,9819595113,1976-12-23,2027-02-22,2019-06-25,2035-05-30
rahul.saha14@example.com,Rahul Saha,9781802744,1972-09-04,2020-02-19,2011-12-17,2023-11-17
priya.deb15@example.com,Priya Deb,9507437181,1977-02-09,2024-06-03,2016-09-15,2031-09-01
sneha.gupta16@example.com,Sneha Gupta,9924970419,1999-10-23,1993-01-28,1990-07-05,1994-06-08
sanjay.gupta17@example.com,Sanjay Gupta,9530747414,1977-01-04,1993-05-02,1990-12-20,2000-09-10
deepak.gupta18@example.com,Deepak Gupta,9328306011,1994-05-27,2014-10-30,2010-05-24,2023-01-14
anjali.roy19@example.com,Anjali Roy,9384412919,1971-04-07,2005-05-10,1999-01-23,2012-05-25
arjun.saha20@example.com,Arjun Saha,9560027313,2005-04-10,2018-08-26,2014-03-05,2023-09-16
sneha.roy21@example.com,Sneha Roy,9647099690,1987-02-20,1992-08-08,1992-01-29,1994-10-31
priya.roy22@example.com,Priya Roy,9950488739,1995-07-12,2013-08-15,2006-12-08,2015-05-02
vikram.paul23@example.com,Vikram Paul,9739830322,1985-12-30,2014-07-21,2011-09-26,2021-10-03
meera.sharma24@example.com,Meera Sharma,9830448745,1997-05-01,2000-10-12,1993-02-19,2007-10-20
sanjay.patel25@example.com,Sanjay Patel,9925276600,1993-10-02,2004-07-04,2003-04-05,2008-10-18
vikram.roy26@example.com,Vikram Roy,9587182120,1965-02-23,2028-06-16,2020-05-22,2032-05-29
karan.roy27@example.com,Karan Roy,9645119047,2005-12-09,1999-10-14,1992-10-09,2004-02-17
meera.chakraborty28@example.com,Meera Chakraborty,9753876785,1973-12-03,1999-01-18,1994-11-09,2008-08-06
priya.chakraborty29@example.com,Priya Chakraborty,9936043811,1988-10-16,1994-09-28,1988-01-10,1999-05-17
anjali.sharma30@example.com,Anjali Sharma,9220117054,1981-04-14,2004-06-23,2001-10-17,2006-02-15
sneha.saha31@example.com,Sneha Saha,9184564737,1968-11-04,2026-04-12,2020-10-30,2028-01-20
sanjay.chakraborty32@example.com,Sanjay Chakraborty,9922308461,1970-08-23,2001-02-26,1993-10-04,2007-06-26
karan.roy33@example.com,Karan Roy,9384602384,1988-09-02,2019-12-15,2015-03-18,2023-04-30
deepak.chakraborty34@example.com,Deepak Chakraborty,9910959828,1997-09-29,2021-03-13,2018-12-11,2030-03-11
arjun.paul35@example.com,Arjun Paul,9821218382,1994-02-25,2009-08-30,2004-10-01,2016-06-18
anjali.das36@example.com,Anjali Das,9366186631,1975-01-30,1994-08-30,1990-11-15,1995-11-24
neha.chakraborty37@example.com,Neha Chakraborty,9347083812,1991-05-26,1997-12-16,1997-11-17,1999-10-02
pooja.sharma38@example.com,Pooja Sharma,9345824373,1968-01-10,1993-02-10,1989-05-29,1994-11-27
karan.singh39@example.com,Karan Singh,9399012686,1995-01-04,2012-03-05,2009-10-10,2019-03-22
priya.saha40@example.com,Priya Saha,9718702544,1986-03-16,2004-03-15,1998-11-25,2009-10-07
sneha.das41@example.com,Sneha Das,9204078666,1994-07-24,2011-04-23,2007-05-03,2017-01-20
vikram.deb42@example.com,Vikram Deb,9882839238,1967-06-07,2025-07-13,2018-03-16,2033-10-10
rahul.sharma43@example.com,Rahul Sharma,9532311310,1997-09-01,2004-06-11,2003-03-22,2008-03-25
sneha.singh44@example.com,Sneha Singh,9675832441,1985-02-15,1999-01-07,1994-04-15,2002-01-27
arjun.deb45@example.com,Arjun Deb,9368227631,2004-03-24,1996-05-08,1991-05-20,2003-07-10
rahul.sharma46@example.com,Rahul Sharma,9800235246,1989-04-01,1989-09-15,1988-08-29,1999-02-26
meera.singh47@example.com,Meera Singh,9278575192,1983-03-26,2015-03-07,2009-10-13,2018-07-29
meera.paul48@example.com,Meera Paul,9162959284,1972-05-21,2005-01-08,2004-12-31,2010-05-26
arjun.deb49@example.com,Arjun Deb,9406284028,1983-12-23,2027-06-09,2019-03-31,2037-03-21
karan.deb50@example.com,Karan Deb,9266211829,1973-07-09,2003-10-01,2001-04-23,2005-05-27
neha.chakraborty51@example.com,Neha Chakraborty,9165452690,1998-07-21,2002-09-16,2002-01-25,2004-04-08
neha.deb52@example.com,Neha Deb,9639931481,2003-04-02,2013-08-02,2011-10-28,2015-03-22
karan.das53@example.com,Karan Das,9299528037,1968-01-28,2015-06-15,2014-09-10,2024-01-09
meera.singh54@example.com,Meera Singh,9533550699,1970-05-19,2016-04-24,2013-07-21,2023-10-21
neha.sharma55@example.com,Neha Sharma,9765055833,1968-09-05,2014-03-05,2006-10-21,2021-09-19
neha.chakraborty56@example.com,Neha Chakraborty,9439699535,1976-09-12,2004-09-02,1997-02-28,2013-09-13
riya.singh57@example.com,Riya Singh,9385201412,1982-10-03,2001-05-27,1993-11-14,2009-08-21
arjun.deb58@example.com,Arjun Deb,9439492674,1998-09-23,1991-05-11,1991-04-03,1997-06-30
neha.saha59@example.com,Neha Saha,9207354053,1968-04-15,2014-07-04,2012-02-12,2021-03-06
arjun.roy60@example.com,Arjun Roy,9474745382,2004-07-07,1993-10-28,1991-02-01,1998-12-19
arjun.roy61@example.com,Arjun Roy,9570497096,2002-05-27,2020-04-03,2012-05-14,2024-08-24
neha.chakraborty62@example.com,Neha Chakraborty,9108399996,1994-12-17,2016-03-26,2012-11-16,2024-09-02
rahul.roy63@example.com,Rahul Roy,9383968123,1970-03-07,1999-01-02,1992-10-19,2001-09-29
arjun.patel64@example.com,Arjun Patel,9749431082,1974-06-13,2024-01-13,2020-03-10,2027-04-25
rohit.patel65@example.com,Rohit Patel,9642678844,1986-12-01,1999-11-01,1999-04-07,2001-11-13
rohit.paul66@example.com,Rohit Paul,9990505735,1977-05-31,1990-01-06,1989-12-23,1994-10-03
sanjay.roy67@example.com,Sanjay Roy,9784095277,1976-10-01,2000-03-14,1995-04-01,2007-05-21
pooja.paul68@example.com,Pooja Paul,9702269164,1965-06-08,1993-11-10,1993-01-06,2002-08-10
deepak.roy69@example.com,Deepak Roy,9685823118,1966-08-14,2011-02-03,2004-07-24,2018-04-15
priya.paul70@example.com,Priya Paul,9236843584,1966-11-17,2005-11-30,2001-10-29,2015-11-03
meera.sharma71@example.com,Meera Sharma,9484194737,1974-06-04,2021-05-23,2018-08-05,2029-11-13
rahul.gupta72@example.com,Rahul Gupta,9937643439,1990-02-12,2013-03-10,2006-03-25,2022-08-04
priya.singh73@example.com,Priya Singh,9274484941,2000-11-18,2000-07-24,1995-12-10,2001-11-02
priya.gupta74@example.com,Priya Gupta,9940081098,1983-06-21,2020-10-30,2018-01-18,2024-10-26
priya.das75@example.com,Priya Das,9510751046,2004-02-15,1995-01-05,1989-09-26,1998-07-04
sneha.deb76@example.com,Sneha Deb,9475442872,1978-09-10,2000-09-15,1998-03-17,2001-12-20
rohit.singh77@example.com,Rohit Singh,9527849588,1979-09-23,2001-04-10,2000-06-30,2010-12-11
arjun.gupta78@example.com,Arjun Gupta,9788785773,1987-11-08,2013-07-19,2005-12-05,2020-07-23
riya.sharma79@example.com,Riya Sharma,9223847257,2004-05-05,2001-09-19,1999-09-19,2009-03-24
arjun.sharma80@example.com,Arjun Sharma,9216396351,1991-10-06,2011-05-14,2007-06-29,2020-07-14
sanjay.gupta81@example.com,Sanjay Gupta,9568574364,1992-03-12,2012-03-27,2010-12-10,2017-07-21
deepak.saha82@example.com,Deepak Saha,9304095531,1976-06-05,1997-12-09,1989-12-28,2003-10-30
amit.chakraborty83@example.com,Amit Chakraborty,9965984448,1989-02-25,2026-11-16,2018-10-23,2036-03-12
pooja.singh84@example.com,Pooja Singh,9491079829,1984-05-07,1998-08-02,1991-02-20,2003-04-15
neha.gupta85@example.com,Neha Gupta,9812306873,2003-01-15,2001-08-29,1993-08-03,2006-01-10
karan.patel86@example.com,Karan Patel,9816070802,1983-04-28,2007-02-22,2002-08-19,2015-12-17
arjun.chakraborty87@example.com,Arjun Chakraborty,9236674237,1973-08-10,2014-04-25,2006-11-10,2019-07-25
rohit.roy88@example.com,Rohit Roy,9760904107,1990-07-13,2006-01-19,2001-07-01,2013-03-12
meera.sharma89@example.com,Meera Sharma,9426283245,1977-11-14,2002-03-31,1997-06-05,2012-01-21
neha.saha90@example.com,Neha Saha,9802984810,1979-06-16,2013-10-23,2008-11-09,2019-10-08
rohit.singh91@example.com,Rohit Singh,9648868899,1986-03-24,2002-12-31,1995-08-12,2004-12-12
arjun.chakraborty92@example.com,Arjun Chakraborty,9812807629,1993-05-24,2019-07-14,2015-10-11,2021-07-30
meera.singh93@example.com,Meera Singh,9822408848,1978-12-04,2000-04-22,1998-01-28,2002-12-16
amit.sharma94@example.com,Amit Sharma,9362897676,1986-04-25,2016-03-27,2015-06-03,2022-05-05
vikram.saha95@example.com,Vikram Saha,9308773243,1997-03-23,2023-07-17,2019-03-28,2030-01-30
vikram.singh96@example.com,Vikram Singh,9258453521,1994-06-06,2018-11-27,2018-11-05,2028-04-28
meera.das97@example.com,Meera Das,9935822550,1984-01-27,1999-10-15,1997-10-25,2008-08-03
karan.deb98@example.com,Karan Deb,9153921577,1990-01-02,2000-07-15,1999-03-06,2006-08-27
priya.deb99@example.com,Priya Deb,9816806128,1988-10-29,2019-09-30,2013-01-26,2024-04-20
sanjay.deb100@example.com,Sanjay Deb,9757830420,2001-07-24,2025-12-03,2020-04-06,2031-09-15
